{"lr-Adam": 0.001, "trainer/global_step": 0, "_timestamp": 1707757574.6062531, "_runtime": 60.728657245635986, "_step": 0, "_wandb": {"runtime": 731}}